{"cameraMode":{"drawMode":0,"name":"Shaded","section":"Shading Mode"},"sceneLighting":false,"audioPlay":false,"sceneViewState":{"m_AlwaysRefresh":false,"showFog":true,"showSkybox":true,"showFlares":true,"showImageEffects":true,"showParticleSystems":true,"showVisualEffectGraphs":true,"m_FxEnabled":false},"in2DMode":false,"pivot":{"x":5.6480937004089359,"y":31.560924530029298,"z":-67.30048370361328},"rotation":{"x":-0.2712942361831665,"y":0.02222810685634613,"z":-0.006262679118663073,"w":-0.9622301459312439},"size":2.8586883544921877,"orthographic":false}